{"count":1,"self":98.6685184,"total":500.45564559999997,"children":{"InitializeActuators":{"count":2,"self":0.0010011,"total":0.0010011,"children":null},"InitializeSensors":{"count":2,"self":0.0010008999999999999,"total":0.0010008999999999999,"children":null},"AgentSendState":{"count":275442,"self":0.4258809,"total":2.2496563,"children":{"CollectObservations":{"count":55090,"self":0.9288436,"total":0.9288436,"children":null},"WriteActionMask":{"count":55090,"self":0.028026199999999998,"total":0.028026199999999998,"children":null},"RequestDecision":{"count":55090,"self":0.1291145,"total":0.86690559999999994,"children":{"AgentInfo.ToProto":{"count":55090,"self":0.11210049999999999,"total":0.73779109999999992,"children":{"GenerateSensorData":{"count":55090,"self":0.6256906,"total":0.6256906,"children":null}}}}}}},"DecideAction":{"count":275442,"self":399.14112,"total":399.1411295,"children":null},"AgentAct":{"count":275442,"self":0.3923367,"total":0.3923367,"children":null},"AgentInfo.ToProto":{"count":228,"self":0,"total":0.0010016,"children":{"GenerateSensorData":{"count":228,"self":0.0010016,"total":0.0010016,"children":null}}}},"gauges":{"ShotPrediction.CumulativeReward":{"count":228,"max":1.75997961,"min":-0.240003482,"runningAverage":-0.2312307,"value":-0.240003482,"weightedAverage":-0.240003467}},"metadata":{"timer_format_version":"0.1.0","start_time_seconds":"1646309153","unity_version":"2020.3.8f1","command_line_arguments":"C:\\Program Files\\Unity\\Hub\\Editor\\2020.3.8f1\\Editor\\Unity.exe -projectpath C:\/Users\/Frederik\/RoboLeague -useHub -hubIPC -cloudEnvironment production -hubSessionId 4703bad0-9ace-11ec-b25e-73f98780e68c -accessToken Kue9vLz0L-veLn8onAt8DoWCcyD-fibJJSdK8qhCJa0008f","communication_protocol_version":"1.5.0","com.unity.ml-agents_version":"2.0.0-pre.3","scene_name":"1v1","end_time_seconds":"1646309653"}}