{"count":1,"self":20.171143999999998,"total":20.188157999999998,"children":{"InitializeActuators":{"count":2,"self":0.0010004999999999999,"total":0.0010004999999999999,"children":null},"InitializeSensors":{"count":2,"self":0.0010008,"total":0.0010008,"children":null},"AgentSendState":{"count":1879,"self":0.0070056999999999993,"total":0.0110086,"children":{"CollectObservations":{"count":376,"self":0.0030020999999999997,"total":0.0030020999999999997,"children":null},"WriteActionMask":{"count":376,"self":0.0010008,"total":0.0010008,"children":null},"RequestDecision":{"count":376,"self":0,"total":0,"children":null}}},"DecideAction":{"count":1879,"self":0.0030031999999999997,"total":0.0030031999999999997,"children":null},"AgentAct":{"count":1879,"self":0.0010014,"total":0.0010014,"children":null}},"gauges":{"ShotPrediction.CumulativeReward":{"count":2,"max":109.285019,"min":-105.484978,"runningAverage":1.9000206,"value":-105.484978,"weightedAverage":55.59252}},"metadata":{"timer_format_version":"0.1.0","start_time_seconds":"1646787366","unity_version":"2020.3.8f1","command_line_arguments":"C:\\Program Files\\Unity\\Hub\\Editor\\2020.3.8f1\\Editor\\Unity.exe -projectpath C:\/Users\/Frederik\/RoboLeague -useHub -hubIPC -cloudEnvironment production -hubSessionId eb1094e0-9ee3-11ec-b02a-67f5b85dff36 -accessToken b2FGyanceWPIz2znPhNb9M4a00hjzWZzjf5mV9MyVp0008f","communication_protocol_version":"1.5.0","com.unity.ml-agents_version":"2.0.0-pre.3","scene_name":"1v1","end_time_seconds":"1646787386"}}