{"count":1,"self":15.772784,"total":15.810878899999999,"children":{"InitializeActuators":{"count":2,"self":0.0024801999999999997,"total":0.0024801999999999997,"children":null},"InitializeSensors":{"count":2,"self":0.0019982999999999997,"total":0.0019982999999999997,"children":null},"AgentSendState":{"count":1283,"self":0.0118848,"total":0.0182686,"children":{"CollectObservations":{"count":258,"self":0.0039245999999999994,"total":0.0039245999999999994,"children":null},"WriteActionMask":{"count":258,"self":0,"total":0,"children":null},"RequestDecision":{"count":258,"self":0.0024592,"total":0.0024592,"children":null}}},"DecideAction":{"count":1283,"self":0.0084129,"total":0.0084129,"children":null},"AgentAct":{"count":1283,"self":0.0034639999999999996,"total":0.0034639999999999996,"children":null}},"gauges":{},"metadata":{"timer_format_version":"0.1.0","start_time_seconds":"1636532489","unity_version":"2020.3.8f1","command_line_arguments":"C:\\Program Files\\Unity\\Hub\\Editor\\2020.3.8f1\\Editor\\Unity.exe -projectpath D:\/Projects\/Unity\/PG\/RoboLeague -useHub -hubIPC -cloudEnvironment production -hubSessionId 4a40a4f0-41fb-11ec-a538-437cc31e9be6","communication_protocol_version":"1.5.0","com.unity.ml-agents_version":"2.0.0-pre.3","scene_name":"1v1","end_time_seconds":"1636532504"}}