{"count":1,"self":85.0213952,"total":87.19310759999999,"children":{"InitializeActuators":{"count":1,"self":0.00099969999999999985,"total":0.00099969999999999985,"children":null},"InitializeSensors":{"count":1,"self":0.0010008999999999999,"total":0.0010008999999999999,"children":null},"AgentSendState":{"count":9912,"self":0.0399997,"total":0.056004599999999995,"children":{"CollectObservations":{"count":992,"self":0.0040019999999999995,"total":0.0040019999999999995,"children":null},"WriteActionMask":{"count":992,"self":0.0009994,"total":0.0009994,"children":null},"RequestDecision":{"count":992,"self":0.0110035,"total":0.0110035,"children":null}}},"DecideAction":{"count":9912,"self":2.0907096,"total":2.0907097,"children":null},"AgentAct":{"count":9912,"self":0.023000399999999997,"total":0.023000399999999997,"children":null}},"gauges":{"OneVsOne.CumulativeReward":{"count":4,"max":0.0437774137,"min":0.0209811758,"runningAverage":0.02794808,"value":0.02258034,"weightedAverage":0.02614354}},"metadata":{"timer_format_version":"0.1.0","start_time_seconds":"1641918569","unity_version":"2020.3.8f1","command_line_arguments":"C:\\Program Files\\Unity\\Hub\\Editor\\2020.3.8f1\\Editor\\Unity.exe -projectpath D:\/GitHub\/RoboLeague -useHub -hubIPC -cloudEnvironment production -hubSessionId cab02c20-72f5-11ec-9c59-974d2626632d","communication_protocol_version":"1.5.0","com.unity.ml-agents_version":"2.0.0-pre.3","scene_name":"1v1Test","end_time_seconds":"1641918657"}}