{"count":1,"self":9.6016552,"total":9.6478194,"children":{"InitializeActuators":{"count":10,"self":0.0024808,"total":0.0024808,"children":null},"InitializeSensors":{"count":10,"self":0.0024798999999999997,"total":0.0024798999999999997,"children":null},"AgentSendState":{"count":423,"self":0.0049797999999999995,"total":0.012918299999999999,"children":{"CollectObservations":{"count":430,"self":0.0039685,"total":0.0039685,"children":null},"WriteActionMask":{"count":430,"self":0.00049679999999999993,"total":0.00049679999999999993,"children":null},"RequestDecision":{"count":430,"self":0.0034731999999999996,"total":0.0034731999999999996,"children":null}}},"DecideAction":{"count":423,"self":0.0089013,"total":0.0089013,"children":null},"AgentAct":{"count":423,"self":0.018392,"total":0.018392,"children":null}},"gauges":{"GoalKeeping.CumulativeReward":{"count":11,"max":1.1538167,"min":0.435307264,"runningAverage":0.686971664,"value":0.7004365,"weightedAverage":0.763390064}},"metadata":{"timer_format_version":"0.1.0","start_time_seconds":"1623078703","unity_version":"2020.3.8f1","command_line_arguments":"C:\\Program Files\\Unity\\Hub\\Editor\\2020.3.8f1\\Editor\\Unity.exe -projectpath D:\/Projects\/Unity\/RoboLeague -useHub -hubIPC -cloudEnvironment production -hubSessionId c82c3310-c790-11eb-857a-bb9fc504acc3","communication_protocol_version":"1.5.0","com.unity.ml-agents_version":"2.0.0-pre.3","scene_name":"SaveTraining","end_time_seconds":"1623078713"}}