{"count":1,"self":134.78734079999998,"total":134.9969973,"children":{"InitializeActuators":{"count":1,"self":0.0015007999999999998,"total":0.0015007999999999998,"children":null},"InitializeSensors":{"count":1,"self":0.0014988999999999998,"total":0.0014988999999999998,"children":null},"AgentSendState":{"count":13041,"self":0.066046,"total":0.0780492,"children":{"CollectObservations":{"count":1305,"self":0.0075017999999999994,"total":0.0075017999999999994,"children":null},"WriteActionMask":{"count":1305,"self":0.0005009,"total":0.0005009,"children":null},"RequestDecision":{"count":1305,"self":0.0040005,"total":0.0040005,"children":null}}},"DecideAction":{"count":13041,"self":0.07056,"total":0.07056,"children":null},"AgentAct":{"count":13041,"self":0.057053299999999994,"total":0.057053299999999994,"children":null}},"gauges":{"GoalKeeping.CumulativeReward":{"count":25,"max":9.26276,"min":2.40775347,"runningAverage":4.596425,"value":7.951772,"weightedAverage":6.201317}},"metadata":{"timer_format_version":"0.1.0","start_time_seconds":"1622905092","unity_version":"2020.3.8f1","command_line_arguments":"C:\\Program Files\\Unity\\Hub\\Editor\\2020.3.8f1\\Editor\\Unity.exe -projectpath E:\/Projects\/Uni\/RoboLeague -useHub -hubIPC -cloudEnvironment production -hubSessionId a62d3e00-c5fe-11eb-a570-65cc56de90db","communication_protocol_version":"1.5.0","com.unity.ml-agents_version":"2.0.0-pre.3","scene_name":"SaveTraining_single","end_time_seconds":"1622905227"}}